n_total,fomo_mean,fomo_sd,scar_mean,scar_sd,imp_mean,imp_sd
62,2.338709677419355,1.0150272286923043,2.3967741935483873,1.0328962530123942,2.0714285714285716,0.9056345682601981
